"Title","Price","URL"
"A Light in the Attic","£51.77","https://books.toscrape.com/catalogue/a-light-in-the-attic_1000/index.html"
"Tipping the Velvet","£53.74","https://books.toscrape.com/catalogue/tipping-the-velvet_999/index.html"
"Soumission","£50.10","https://books.toscrape.com/catalogue/soumission_998/index.html"
"Sharp Objects","£47.82","https://books.toscrape.com/catalogue/sharp-objects_997/index.html"
"Sapiens: A Brief History of Humankind","£54.23","https://books.toscrape.com/catalogue/sapiens-a-brief-history-of-humankind_996/index.html"
"The Requiem Red","£22.65","https://books.toscrape.com/catalogue/the-requiem-red_995/index.html"
"The Dirty Little Secrets of Getting Your Dream Job","£33.34","https://books.toscrape.com/catalogue/the-dirty-little-secrets-of-getting-your-dream-job_994/index.html"
"The Coming Woman: A Novel Based on the Life of the Infamous Feminist, Victoria Woodhull","£17.93","https://books.toscrape.com/catalogue/the-coming-woman-a-novel-based-on-the-life-of-the-infamous-feminist-victoria-woodhull_993/index.html"
"The Boys in the Boat: Nine Americans and Their Epic Quest for Gold at the 1936 Berlin Olympics","£22.60","https://books.toscrape.com/catalogue/the-boys-in-the-boat-nine-americans-and-their-epic-quest-for-gold-at-the-1936-berlin-olympics_992/index.html"
"The Black Maria","£52.15","https://books.toscrape.com/catalogue/the-black-maria_991/index.html"
"Starving Hearts (Triangular Trade Trilogy, #1)","£13.99","https://books.toscrape.com/catalogue/starving-hearts-triangular-trade-trilogy-1_990/index.html"
"Shakespeare's Sonnets","£20.66","https://books.toscrape.com/catalogue/shakespeares-sonnets_989/index.html"
"Set Me Free","£17.46","https://books.toscrape.com/catalogue/set-me-free_988/index.html"
"Scott Pilgrim's Precious Little Life (Scott Pilgrim #1)","£52.29","https://books.toscrape.com/catalogue/scott-pilgrims-precious-little-life-scott-pilgrim-1_987/index.html"
"Rip it Up and Start Again","£35.02","https://books.toscrape.com/catalogue/rip-it-up-and-start-again_986/index.html"
"Our Band Could Be Your Life: Scenes from the American Indie Underground, 1981-1991","£57.25","https://books.toscrape.com/catalogue/our-band-could-be-your-life-scenes-from-the-american-indie-underground-1981-1991_985/index.html"
"Olio","£23.88","https://books.toscrape.com/catalogue/olio_984/index.html"
"Mesaerion: The Best Science Fiction Stories 1800-1849","£37.59","https://books.toscrape.com/catalogue/mesaerion-the-best-science-fiction-stories-1800-1849_983/index.html"
"Libertarianism for Beginners","£51.33","https://books.toscrape.com/catalogue/libertarianism-for-beginners_982/index.html"
"It's Only the Himalayas","£45.17","https://books.toscrape.com/catalogue/its-only-the-himalayas_981/index.html"
"A Light in the Attic","£51.77","https://books.toscrape.com/catalogue/a-light-in-the-attic_1000/index.html"
"Tipping the Velvet","£53.74","https://books.toscrape.com/catalogue/tipping-the-velvet_999/index.html"
"Soumission","£50.10","https://books.toscrape.com/catalogue/soumission_998/index.html"
"Sharp Objects","£47.82","https://books.toscrape.com/catalogue/sharp-objects_997/index.html"
"Sapiens: A Brief History of Humankind","£54.23","https://books.toscrape.com/catalogue/sapiens-a-brief-history-of-humankind_996/index.html"
"The Requiem Red","£22.65","https://books.toscrape.com/catalogue/the-requiem-red_995/index.html"
"The Dirty Little Secrets of Getting Your Dream Job","£33.34","https://books.toscrape.com/catalogue/the-dirty-little-secrets-of-getting-your-dream-job_994/index.html"
"The Coming Woman: A Novel Based on the Life of the Infamous Feminist, Victoria Woodhull","£17.93","https://books.toscrape.com/catalogue/the-coming-woman-a-novel-based-on-the-life-of-the-infamous-feminist-victoria-woodhull_993/index.html"
"The Boys in the Boat: Nine Americans and Their Epic Quest for Gold at the 1936 Berlin Olympics","£22.60","https://books.toscrape.com/catalogue/the-boys-in-the-boat-nine-americans-and-their-epic-quest-for-gold-at-the-1936-berlin-olympics_992/index.html"
"The Black Maria","£52.15","https://books.toscrape.com/catalogue/the-black-maria_991/index.html"
"Starving Hearts (Triangular Trade Trilogy, #1)","£13.99","https://books.toscrape.com/catalogue/starving-hearts-triangular-trade-trilogy-1_990/index.html"
"Shakespeare's Sonnets","£20.66","https://books.toscrape.com/catalogue/shakespeares-sonnets_989/index.html"
"Set Me Free","£17.46","https://books.toscrape.com/catalogue/set-me-free_988/index.html"
"Scott Pilgrim's Precious Little Life (Scott Pilgrim #1)","£52.29","https://books.toscrape.com/catalogue/scott-pilgrims-precious-little-life-scott-pilgrim-1_987/index.html"
"Rip it Up and Start Again","£35.02","https://books.toscrape.com/catalogue/rip-it-up-and-start-again_986/index.html"
"Our Band Could Be Your Life: Scenes from the American Indie Underground, 1981-1991","£57.25","https://books.toscrape.com/catalogue/our-band-could-be-your-life-scenes-from-the-american-indie-underground-1981-1991_985/index.html"
"Olio","£23.88","https://books.toscrape.com/catalogue/olio_984/index.html"
"Mesaerion: The Best Science Fiction Stories 1800-1849","£37.59","https://books.toscrape.com/catalogue/mesaerion-the-best-science-fiction-stories-1800-1849_983/index.html"
"Libertarianism for Beginners","£51.33","https://books.toscrape.com/catalogue/libertarianism-for-beginners_982/index.html"
"It's Only the Himalayas","£45.17","https://books.toscrape.com/catalogue/its-only-the-himalayas_981/index.html"
"A Light in the Attic","£51.77","https://books.toscrape.com/catalogue/a-light-in-the-attic_1000/index.html"
"Tipping the Velvet","£53.74","https://books.toscrape.com/catalogue/tipping-the-velvet_999/index.html"
"Soumission","£50.10","https://books.toscrape.com/catalogue/soumission_998/index.html"
"Sharp Objects","£47.82","https://books.toscrape.com/catalogue/sharp-objects_997/index.html"
"Sapiens: A Brief History of Humankind","£54.23","https://books.toscrape.com/catalogue/sapiens-a-brief-history-of-humankind_996/index.html"
"The Requiem Red","£22.65","https://books.toscrape.com/catalogue/the-requiem-red_995/index.html"
"The Dirty Little Secrets of Getting Your Dream Job","£33.34","https://books.toscrape.com/catalogue/the-dirty-little-secrets-of-getting-your-dream-job_994/index.html"
"The Coming Woman: A Novel Based on the Life of the Infamous Feminist, Victoria Woodhull","£17.93","https://books.toscrape.com/catalogue/the-coming-woman-a-novel-based-on-the-life-of-the-infamous-feminist-victoria-woodhull_993/index.html"
"The Boys in the Boat: Nine Americans and Their Epic Quest for Gold at the 1936 Berlin Olympics","£22.60","https://books.toscrape.com/catalogue/the-boys-in-the-boat-nine-americans-and-their-epic-quest-for-gold-at-the-1936-berlin-olympics_992/index.html"
"The Black Maria","£52.15","https://books.toscrape.com/catalogue/the-black-maria_991/index.html"
"Starving Hearts (Triangular Trade Trilogy, #1)","£13.99","https://books.toscrape.com/catalogue/starving-hearts-triangular-trade-trilogy-1_990/index.html"
"Shakespeare's Sonnets","£20.66","https://books.toscrape.com/catalogue/shakespeares-sonnets_989/index.html"
"Set Me Free","£17.46","https://books.toscrape.com/catalogue/set-me-free_988/index.html"
"Scott Pilgrim's Precious Little Life (Scott Pilgrim #1)","£52.29","https://books.toscrape.com/catalogue/scott-pilgrims-precious-little-life-scott-pilgrim-1_987/index.html"
"Rip it Up and Start Again","£35.02","https://books.toscrape.com/catalogue/rip-it-up-and-start-again_986/index.html"
"Our Band Could Be Your Life: Scenes from the American Indie Underground, 1981-1991","£57.25","https://books.toscrape.com/catalogue/our-band-could-be-your-life-scenes-from-the-american-indie-underground-1981-1991_985/index.html"
"Olio","£23.88","https://books.toscrape.com/catalogue/olio_984/index.html"
"Mesaerion: The Best Science Fiction Stories 1800-1849","£37.59","https://books.toscrape.com/catalogue/mesaerion-the-best-science-fiction-stories-1800-1849_983/index.html"
"Libertarianism for Beginners","£51.33","https://books.toscrape.com/catalogue/libertarianism-for-beginners_982/index.html"
"It's Only the Himalayas","£45.17","https://books.toscrape.com/catalogue/its-only-the-himalayas_981/index.html"
"It's Only the Himalayas","£45.17","https://books.toscrape.com/catalogue/its-only-the-himalayas_981/index.html"
"Full Moon over Noah’s Ark: An Odyssey to Mount Ararat and Beyond","£49.43","https://books.toscrape.com/catalogue/full-moon-over-noahs-ark-an-odyssey-to-mount-ararat-and-beyond_811/index.html"
"See America: A Celebration of Our National Parks & Treasured Sites","£48.87","https://books.toscrape.com/catalogue/see-america-a-celebration-of-our-national-parks-treasured-sites_732/index.html"
"Vagabonding: An Uncommon Guide to the Art of Long-Term World Travel","£36.94","https://books.toscrape.com/catalogue/vagabonding-an-uncommon-guide-to-the-art-of-long-term-world-travel_552/index.html"
"Under the Tuscan Sun","£37.33","https://books.toscrape.com/catalogue/under-the-tuscan-sun_504/index.html"
"A Summer In Europe","£44.34","https://books.toscrape.com/catalogue/a-summer-in-europe_458/index.html"
"The Great Railway Bazaar","£30.54","https://books.toscrape.com/catalogue/the-great-railway-bazaar_446/index.html"
"A Year in Provence (Provence #1)","£56.88","https://books.toscrape.com/catalogue/a-year-in-provence-provence-1_421/index.html"
"The Road to Little Dribbling: Adventures of an American in Britain (Notes From a Small Island #2)","£23.21","https://books.toscrape.com/catalogue/the-road-to-little-dribbling-adventures-of-an-american-in-britain-notes-from-a-small-island-2_277/index.html"
"Neither Here nor There: Travels in Europe","£38.95","https://books.toscrape.com/catalogue/neither-here-nor-there-travels-in-europe_198/index.html"
"1,000 Places to See Before You Die","£26.08","https://books.toscrape.com/catalogue/1000-places-to-see-before-you-die_1/index.html"
"Sharp Objects","£47.82","https://books.toscrape.com/catalogue/sharp-objects_997/index.html"
"In a Dark, Dark Wood","£19.63","https://books.toscrape.com/catalogue/in-a-dark-dark-wood_963/index.html"
"The Past Never Ends","£56.50","https://books.toscrape.com/catalogue/the-past-never-ends_942/index.html"
"A Murder in Time","£16.64","https://books.toscrape.com/catalogue/a-murder-in-time_877/index.html"
"The Murder of Roger Ackroyd (Hercule Poirot #4)","£44.10","https://books.toscrape.com/catalogue/the-murder-of-roger-ackroyd-hercule-poirot-4_852/index.html"
"The Last Mile (Amos Decker #2)","£54.21","https://books.toscrape.com/catalogue/the-last-mile-amos-decker-2_754/index.html"
"That Darkness (Gardiner and Renner #1)","£13.92","https://books.toscrape.com/catalogue/that-darkness-gardiner-and-renner-1_743/index.html"
"Tastes Like Fear (DI Marnie Rome #3)","£10.69","https://books.toscrape.com/catalogue/tastes-like-fear-di-marnie-rome-3_742/index.html"
"A Time of Torment (Charlie Parker #14)","£48.35","https://books.toscrape.com/catalogue/a-time-of-torment-charlie-parker-14_657/index.html"
"A Study in Scarlet (Sherlock Holmes #1)","£16.73","https://books.toscrape.com/catalogue/a-study-in-scarlet-sherlock-holmes-1_656/index.html"
"Poisonous (Max Revere Novels #3)","£26.80","https://books.toscrape.com/catalogue/poisonous-max-revere-novels-3_627/index.html"
"Murder at the 42nd Street Library (Raymond Ambler #1)","£54.36","https://books.toscrape.com/catalogue/murder-at-the-42nd-street-library-raymond-ambler-1_624/index.html"
"Most Wanted","£35.28","https://books.toscrape.com/catalogue/most-wanted_623/index.html"
"Hide Away (Eve Duncan #20)","£11.84","https://books.toscrape.com/catalogue/hide-away-eve-duncan-20_620/index.html"
"Boar Island (Anna Pigeon #19)","£59.48","https://books.toscrape.com/catalogue/boar-island-anna-pigeon-19_613/index.html"
"The Widow","£27.26","https://books.toscrape.com/catalogue/the-widow_609/index.html"
"Playing with Fire","£13.71","https://books.toscrape.com/catalogue/playing-with-fire_602/index.html"
"What Happened on Beale Street (Secrets of the South Mysteries #2)","£25.37","https://books.toscrape.com/catalogue/what-happened-on-beale-street-secrets-of-the-south-mysteries-2_506/index.html"
"The Bachelor Girl's Guide to Murder (Herringford and Watts Mysteries #1)","£52.30","https://books.toscrape.com/catalogue/the-bachelor-girls-guide-to-murder-herringford-and-watts-mysteries-1_491/index.html"
"Delivering the Truth (Quaker Midwife Mystery #1)","£20.89","https://books.toscrape.com/catalogue/delivering-the-truth-quaker-midwife-mystery-1_464/index.html"
"Tipping the Velvet","£53.74","https://books.toscrape.com/catalogue/tipping-the-velvet_999/index.html"
"Forever and Forever: The Courtship of Henry Longfellow and Fanny Appleton","£29.69","https://books.toscrape.com/catalogue/forever-and-forever-the-courtship-of-henry-longfellow-and-fanny-appleton_894/index.html"
"A Flight of Arrows (The Pathfinders #2)","£55.53","https://books.toscrape.com/catalogue/a-flight-of-arrows-the-pathfinders-2_876/index.html"
"The House by the Lake","£36.95","https://books.toscrape.com/catalogue/the-house-by-the-lake_846/index.html"
"Mrs. Houdini","£30.25","https://books.toscrape.com/catalogue/mrs-houdini_821/index.html"
"The Marriage of Opposites","£28.08","https://books.toscrape.com/catalogue/the-marriage-of-opposites_759/index.html"
"Glory over Everything: Beyond The Kitchen House","£45.84","https://books.toscrape.com/catalogue/glory-over-everything-beyond-the-kitchen-house_696/index.html"
"Love, Lies and Spies","£20.55","https://books.toscrape.com/catalogue/love-lies-and-spies_622/index.html"
"A Paris Apartment","£39.01","https://books.toscrape.com/catalogue/a-paris-apartment_612/index.html"
"Lilac Girls","£17.28","https://books.toscrape.com/catalogue/lilac-girls_597/index.html"
"The Constant Princess (The Tudor Court #1)","£16.62","https://books.toscrape.com/catalogue/the-constant-princess-the-tudor-court-1_493/index.html"
"The Invention of Wings","£37.34","https://books.toscrape.com/catalogue/the-invention-of-wings_448/index.html"
"World Without End (The Pillars of the Earth #2)","£32.97","https://books.toscrape.com/catalogue/world-without-end-the-pillars-of-the-earth-2_420/index.html"
"The Passion of Dolssa","£28.32","https://books.toscrape.com/catalogue/the-passion-of-dolssa_351/index.html"
"Girl With a Pearl Earring","£26.77","https://books.toscrape.com/catalogue/girl-with-a-pearl-earring_322/index.html"
"Voyager (Outlander #3)","£21.07","https://books.toscrape.com/catalogue/voyager-outlander-3_299/index.html"
"The Red Tent","£35.66","https://books.toscrape.com/catalogue/the-red-tent_273/index.html"
"The Last Painting of Sara de Vos","£55.55","https://books.toscrape.com/catalogue/the-last-painting-of-sara-de-vos_259/index.html"
"The Guernsey Literary and Potato Peel Pie Society","£49.53","https://books.toscrape.com/catalogue/the-guernsey-literary-and-potato-peel-pie-society_253/index.html"
"Girl in the Blue Coat","£46.83","https://books.toscrape.com/catalogue/girl-in-the-blue-coat_160/index.html"
"Scott Pilgrim's Precious Little Life (Scott Pilgrim #1)","£52.29","https://books.toscrape.com/catalogue/scott-pilgrims-precious-little-life-scott-pilgrim-1_987/index.html"
"Tsubasa: WoRLD CHRoNiCLE 2 (Tsubasa WoRLD CHRoNiCLE #2)","£16.28","https://books.toscrape.com/catalogue/tsubasa-world-chronicle-2-tsubasa-world-chronicle-2_949/index.html"
"This One Summer","£19.49","https://books.toscrape.com/catalogue/this-one-summer_947/index.html"
"The Nameless City (The Nameless City #1)","£38.16","https://books.toscrape.com/catalogue/the-nameless-city-the-nameless-city-1_940/index.html"
"Saga, Volume 5 (Saga (Collected Editions) #5)","£51.04","https://books.toscrape.com/catalogue/saga-volume-5-saga-collected-editions-5_923/index.html"
"Rat Queens, Vol. 3: Demons (Rat Queens (Collected Editions) #11-15)","£50.40","https://books.toscrape.com/catalogue/rat-queens-vol-3-demons-rat-queens-collected-editions-11-15_921/index.html"
"Princess Jellyfish 2-in-1 Omnibus, Vol. 01 (Princess Jellyfish 2-in-1 Omnibus #1)","£13.61","https://books.toscrape.com/catalogue/princess-jellyfish-2-in-1-omnibus-vol-01-princess-jellyfish-2-in-1-omnibus-1_920/index.html"
"Pop Gun War, Volume 1: Gift","£18.97","https://books.toscrape.com/catalogue/pop-gun-war-volume-1-gift_918/index.html"
"Patience","£10.16","https://books.toscrape.com/catalogue/patience_916/index.html"
"Outcast, Vol. 1: A Darkness Surrounds Him (Outcast #1)","£15.44","https://books.toscrape.com/catalogue/outcast-vol-1-a-darkness-surrounds-him-outcast-1_915/index.html"
"orange: The Complete Collection 1 (orange: The Complete Collection #1)","£48.41","https://books.toscrape.com/catalogue/orange-the-complete-collection-1-orange-the-complete-collection-1_914/index.html"
"Lumberjanes, Vol. 2: Friendship to the Max (Lumberjanes #5-8)","£46.91","https://books.toscrape.com/catalogue/lumberjanes-vol-2-friendship-to-the-max-lumberjanes-5-8_907/index.html"
"Lumberjanes, Vol. 1: Beware the Kitten Holy (Lumberjanes #1-4)","£45.61","https://books.toscrape.com/catalogue/lumberjanes-vol-1-beware-the-kitten-holy-lumberjanes-1-4_906/index.html"
"Lumberjanes Vol. 3: A Terrible Plan (Lumberjanes #9-12)","£19.92","https://books.toscrape.com/catalogue/lumberjanes-vol-3-a-terrible-plan-lumberjanes-9-12_905/index.html"
"I Hate Fairyland, Vol. 1: Madly Ever After (I Hate Fairyland (Compilations) #1-5)","£29.17","https://books.toscrape.com/catalogue/i-hate-fairyland-vol-1-madly-ever-after-i-hate-fairyland-compilations-1-5_899/index.html"
"I am a Hero Omnibus Volume 1","£54.63","https://books.toscrape.com/catalogue/i-am-a-hero-omnibus-volume-1_898/index.html"
"Giant Days, Vol. 2 (Giant Days #5-8)","£22.11","https://books.toscrape.com/catalogue/giant-days-vol-2-giant-days-5-8_895/index.html"
"Danganronpa Volume 1","£51.99","https://books.toscrape.com/catalogue/danganronpa-volume-1_889/index.html"
"Codename Baboushka, Volume 1: The Conclave of Death","£36.72","https://books.toscrape.com/catalogue/codename-baboushka-volume-1-the-conclave-of-death_887/index.html"
"Camp Midnight","£17.08","https://books.toscrape.com/catalogue/camp-midnight_886/index.html"
"The Secret Garden","£15.08","https://books.toscrape.com/catalogue/the-secret-garden_413/index.html"
"The Metamorphosis","£28.58","https://books.toscrape.com/catalogue/the-metamorphosis_409/index.html"
"The Pilgrim's Progress","£50.26","https://books.toscrape.com/catalogue/the-pilgrims-progress_353/index.html"
"The Hound of the Baskervilles (Sherlock Holmes #5)","£14.82","https://books.toscrape.com/catalogue/the-hound-of-the-baskervilles-sherlock-holmes-5_348/index.html"
"Little Women (Little Women #1)","£28.07","https://books.toscrape.com/catalogue/little-women-little-women-1_331/index.html"
"Gone with the Wind","£32.49","https://books.toscrape.com/catalogue/gone-with-the-wind_324/index.html"
"Candide","£58.63","https://books.toscrape.com/catalogue/candide_316/index.html"
"Animal Farm","£57.22","https://books.toscrape.com/catalogue/animal-farm_313/index.html"
"Wuthering Heights","£17.73","https://books.toscrape.com/catalogue/wuthering-heights_307/index.html"
"The Picture of Dorian Gray","£29.70","https://books.toscrape.com/catalogue/the-picture-of-dorian-gray_270/index.html"
"The Complete Stories and Poems (The Works of Edgar Allan Poe [Cameo Edition])","£26.78","https://books.toscrape.com/catalogue/the-complete-stories-and-poems-the-works-of-edgar-allan-poe-cameo-edition_238/index.html"
"Beowulf","£38.35","https://books.toscrape.com/catalogue/beowulf_126/index.html"
"And Then There Were None","£35.01","https://books.toscrape.com/catalogue/and-then-there-were-none_119/index.html"
"The Story of Hong Gildong","£43.19","https://books.toscrape.com/catalogue/the-story-of-hong-gildong_84/index.html"
"The Little Prince","£45.42","https://books.toscrape.com/catalogue/the-little-prince_72/index.html"
"Sense and Sensibility","£37.46","https://books.toscrape.com/catalogue/sense-and-sensibility_49/index.html"
"Of Mice and Men","£47.11","https://books.toscrape.com/catalogue/of-mice-and-men_37/index.html"
"Emma","£32.93","https://books.toscrape.com/catalogue/emma_17/index.html"
"Alice in Wonderland (Alice's Adventures in Wonderland #1)","£55.53","https://books.toscrape.com/catalogue/alice-in-wonderland-alices-adventures-in-wonderland-1_5/index.html"
"Sophie's World","£15.94","https://books.toscrape.com/catalogue/sophies-world_966/index.html"
"The Death of Humanity: and the Case for Life","£58.11","https://books.toscrape.com/catalogue/the-death-of-humanity-and-the-case-for-life_932/index.html"
"The Stranger","£17.44","https://books.toscrape.com/catalogue/the-stranger_861/index.html"
"Proofs of God: Classical Arguments from Tertullian to Barth","£54.21","https://books.toscrape.com/catalogue/proofs-of-god-classical-arguments-from-tertullian-to-barth_538/index.html"
"Kierkegaard: A Christian Missionary to Christians","£47.13","https://books.toscrape.com/catalogue/kierkegaard-a-christian-missionary-to-christians_527/index.html"
"At The Existentialist Café: Freedom, Being, and apricot cocktails with: Jean-Paul Sartre, Simone de Beauvoir, Albert Camus, Martin Heidegger, Edmund Husserl, Karl Jaspers, Maurice Merleau-Ponty and others","£29.93","https://books.toscrape.com/catalogue/at-the-existentialist-cafe-freedom-being-and-apricot-cocktails-with-jean-paul-sartre-simone-de-beauvoir-albert-camus-martin-heidegger-edmund-husserl-karl-jaspers-maurice-merleau-ponty-and-others_459/index.html"
"Critique of Pure Reason","£20.75","https://books.toscrape.com/catalogue/critique-of-pure-reason_366/index.html"
"Run, Spot, Run: The Ethics of Keeping Pets","£20.02","https://books.toscrape.com/catalogue/run-spot-run-the-ethics-of-keeping-pets_106/index.html"
"The Nicomachean Ethics","£36.34","https://books.toscrape.com/catalogue/the-nicomachean-ethics_75/index.html"
"Meditations","£25.89","https://books.toscrape.com/catalogue/meditations_33/index.html"
"Beyond Good and Evil","£43.38","https://books.toscrape.com/catalogue/beyond-good-and-evil_6/index.html"
"Chase Me (Paris Nights #2)","£25.27","https://books.toscrape.com/catalogue/chase-me-paris-nights-2_977/index.html"
"Black Dust","£34.53","https://books.toscrape.com/catalogue/black-dust_976/index.html"
"Her Backup Boyfriend (The Sorensen Family #1)","£33.97","https://books.toscrape.com/catalogue/her-backup-boyfriend-the-sorensen-family-1_896/index.html"
"First and First (Five Boroughs #3)","£15.97","https://books.toscrape.com/catalogue/first-and-first-five-boroughs-3_893/index.html"
"Fifty Shades Darker (Fifty Shades #2)","£21.96","https://books.toscrape.com/catalogue/fifty-shades-darker-fifty-shades-2_892/index.html"
"The Wedding Dress","£24.12","https://books.toscrape.com/catalogue/the-wedding-dress_864/index.html"
"Suddenly in Love (Lake Haven #1)","£55.99","https://books.toscrape.com/catalogue/suddenly-in-love-lake-haven-1_835/index.html"
"Something More Than This","£16.24","https://books.toscrape.com/catalogue/something-more-than-this_834/index.html"
"Doing It Over (Most Likely To #1)","£35.61","https://books.toscrape.com/catalogue/doing-it-over-most-likely-to-1_802/index.html"
"The Wedding Pact (The O'Malleys #2)","£32.61","https://books.toscrape.com/catalogue/the-wedding-pact-the-omalleys-2_767/index.html"
"Hold Your Breath (Search and Rescue #1)","£28.82","https://books.toscrape.com/catalogue/hold-your-breath-search-and-rescue-1_700/index.html"
"Dirty (Dive Bar #1)","£40.83","https://books.toscrape.com/catalogue/dirty-dive-bar-1_615/index.html"
"Take Me Home Tonight (Rock Star Romance #3)","£53.98","https://books.toscrape.com/catalogue/take-me-home-tonight-rock-star-romance-3_605/index.html"
"Off the Hook (Fishing for Trouble #1)","£47.67","https://books.toscrape.com/catalogue/off-the-hook-fishing-for-trouble-1_601/index.html"
"A Gentleman's Position (Society of Gentlemen #3)","£14.75","https://books.toscrape.com/catalogue/a-gentlemans-position-society-of-gentlemen-3_584/index.html"
"Sit, Stay, Love","£20.90","https://books.toscrape.com/catalogue/sit-stay-love_486/index.html"
"A Girl's Guide to Moving On (New Beginnings #2)","£31.30","https://books.toscrape.com/catalogue/a-girls-guide-to-moving-on-new-beginnings-2_359/index.html"
"The Perfect Play (Play by Play #1)","£59.99","https://books.toscrape.com/catalogue/the-perfect-play-play-by-play-1_352/index.html"
"Dark Lover (Black Dagger Brotherhood #1)","£12.87","https://books.toscrape.com/catalogue/dark-lover-black-dagger-brotherhood-1_319/index.html"
"Changing the Game (Play by Play #2)","£13.38","https://books.toscrape.com/catalogue/changing-the-game-play-by-play-2_317/index.html"
"I Had a Nice Time And Other Lies...: How to find love & sh*t like that","£57.36","https://books.toscrape.com/catalogue/i-had-a-nice-time-and-other-lies-how-to-find-love-sht-like-that_814/index.html"
"Will You Won't You Want Me?","£13.86","https://books.toscrape.com/catalogue/will-you-wont-you-want-me_644/index.html"
"Keep Me Posted","£20.46","https://books.toscrape.com/catalogue/keep-me-posted_594/index.html"
"Grey (Fifty Shades #4)","£48.49","https://books.toscrape.com/catalogue/grey-fifty-shades-4_592/index.html"
"Meternity","£43.58","https://books.toscrape.com/catalogue/meternity_478/index.html"
"Some Women","£13.73","https://books.toscrape.com/catalogue/some-women_341/index.html"
"Shopaholic Ties the Knot (Shopaholic #3)","£48.39","https://books.toscrape.com/catalogue/shopaholic-ties-the-knot-shopaholic-3_340/index.html"
"Can You Keep a Secret?","£21.94","https://books.toscrape.com/catalogue/can-you-keep-a-secret_315/index.html"
"Twenties Girl","£42.80","https://books.toscrape.com/catalogue/twenties-girl_292/index.html"
"The Undomestic Goddess","£45.75","https://books.toscrape.com/catalogue/the-undomestic-goddess_286/index.html"
"The Nanny Diaries (Nanny #1)","£52.53","https://books.toscrape.com/catalogue/the-nanny-diaries-nanny-1_265/index.html"
"The Devil Wears Prada (The Devil Wears Prada #1)","£44.29","https://books.toscrape.com/catalogue/the-devil-wears-prada-the-devil-wears-prada-1_243/index.html"
"Something Borrowed (Darcy & Rachel #1)","£48.96","https://books.toscrape.com/catalogue/something-borrowed-darcy-rachel-1_224/index.html"
"Something Blue (Darcy & Rachel #2)","£54.62","https://books.toscrape.com/catalogue/something-blue-darcy-rachel-2_223/index.html"
"I've Got Your Number","£19.69","https://books.toscrape.com/catalogue/ive-got-your-number_173/index.html"
"The Edge of Reason (Bridget Jones #2)","£19.18","https://books.toscrape.com/catalogue/the-edge-of-reason-bridget-jones-2_63/index.html"
"Bridget Jones's Diary (Bridget Jones #1)","£29.82","https://books.toscrape.com/catalogue/bridget-joness-diary-bridget-jones-1_10/index.html"
"Soumission","£50.10","https://books.toscrape.com/catalogue/soumission_998/index.html"
"Private Paris (Private #10)","£47.61","https://books.toscrape.com/catalogue/private-paris-private-10_958/index.html"
"We Love You, Charlie Freeman","£50.27","https://books.toscrape.com/catalogue/we-love-you-charlie-freeman_954/index.html"
"Thirst","£17.27","https://books.toscrape.com/catalogue/thirst_946/index.html"
"The Murder That Never Was (Forensic Instincts #5)","£54.11","https://books.toscrape.com/catalogue/the-murder-that-never-was-forensic-instincts-5_939/index.html"
"Tuesday Nights in 1980","£21.04","https://books.toscrape.com/catalogue/tuesday-nights-in-1980_870/index.html"
"The Vacationers","£42.15","https://books.toscrape.com/catalogue/the-vacationers_863/index.html"
"The Regional Office Is Under Attack!","£51.36","https://books.toscrape.com/catalogue/the-regional-office-is-under-attack_858/index.html"
"Finders Keepers (Bill Hodges Trilogy #2)","£53.53","https://books.toscrape.com/catalogue/finders-keepers-bill-hodges-trilogy-2_807/index.html"
"The Time Keeper","£27.88","https://books.toscrape.com/catalogue/the-time-keeper_766/index.html"
"The Testament of Mary","£52.67","https://books.toscrape.com/catalogue/the-testament-of-mary_765/index.html"
"The First Hostage (J.B. Collins #2)","£25.85","https://books.toscrape.com/catalogue/the-first-hostage-jb-collins-2_749/index.html"
"Take Me with You","£45.21","https://books.toscrape.com/catalogue/take-me-with-you_741/index.html"
"Still Life with Bread Crumbs","£26.41","https://books.toscrape.com/catalogue/still-life-with-bread-crumbs_738/index.html"
"Shtum","£55.84","https://books.toscrape.com/catalogue/shtum_733/index.html"
"My Name Is Lucy Barton","£41.56","https://books.toscrape.com/catalogue/my-name-is-lucy-barton_720/index.html"
"My Mrs. Brown","£24.48","https://books.toscrape.com/catalogue/my-mrs-brown_719/index.html"
"Mr. Mercedes (Bill Hodges Trilogy #1)","£28.90","https://books.toscrape.com/catalogue/mr-mercedes-bill-hodges-trilogy-1_717/index.html"
"I Am Pilgrim (Pilgrim #1)","£10.60","https://books.toscrape.com/catalogue/i-am-pilgrim-pilgrim-1_703/index.html"
"Eligible (The Austen Project #4)","£27.09","https://books.toscrape.com/catalogue/eligible-the-austen-project-4_692/index.html"
"Birdsong: A Story in Pictures","£54.64","https://books.toscrape.com/catalogue/birdsong-a-story-in-pictures_975/index.html"
"The Bear and the Piano","£36.89","https://books.toscrape.com/catalogue/the-bear-and-the-piano_967/index.html"
"The Secret of Dreadwillow Carse","£56.13","https://books.toscrape.com/catalogue/the-secret-of-dreadwillow-carse_944/index.html"
"The White Cat and the Monk: A Retelling of the Poem “Pangur Bán”","£58.08","https://books.toscrape.com/catalogue/the-white-cat-and-the-monk-a-retelling-of-the-poem-pangur-ban_865/index.html"
"Little Red","£13.47","https://books.toscrape.com/catalogue/little-red_817/index.html"
"Walt Disney's Alice in Wonderland","£12.96","https://books.toscrape.com/catalogue/walt-disneys-alice-in-wonderland_777/index.html"
"Twenty Yawns","£22.08","https://books.toscrape.com/catalogue/twenty-yawns_773/index.html"
"Rain Fish","£23.57","https://books.toscrape.com/catalogue/rain-fish_728/index.html"
"Once Was a Time","£18.28","https://books.toscrape.com/catalogue/once-was-a-time_724/index.html"
"Luis Paints the World","£53.95","https://books.toscrape.com/catalogue/luis-paints-the-world_714/index.html"
"Nap-a-Roo","£25.08","https://books.toscrape.com/catalogue/nap-a-roo_567/index.html"
"The Whale","£35.96","https://books.toscrape.com/catalogue/the-whale_501/index.html"
"Shrunken Treasures: Literary Classics, Short, Sweet, and Silly","£52.87","https://books.toscrape.com/catalogue/shrunken-treasures-literary-classics-short-sweet-and-silly_484/index.html"
"Raymie Nightingale","£34.41","https://books.toscrape.com/catalogue/raymie-nightingale_482/index.html"
"Playing from the Heart","£32.38","https://books.toscrape.com/catalogue/playing-from-the-heart_481/index.html"
"Maybe Something Beautiful: How Art Transformed a Neighborhood","£22.54","https://books.toscrape.com/catalogue/maybe-something-beautiful-how-art-transformed-a-neighborhood_386/index.html"
"The Wild Robot","£56.07","https://books.toscrape.com/catalogue/the-wild-robot_288/index.html"
"The Thing About Jellyfish","£48.77","https://books.toscrape.com/catalogue/the-thing-about-jellyfish_283/index.html"
"The Lonely Ones","£43.59","https://books.toscrape.com/catalogue/the-lonely-ones_261/index.html"
"The Day the Crayons Came Home (Crayons)","£26.33","https://books.toscrape.com/catalogue/the-day-the-crayons-came-home-crayons_241/index.html"
"Don't Be a Jerk: And Other Practical Advice from Dogen, Japan's Greatest Zen Master","£37.97","https://books.toscrape.com/catalogue/dont-be-a-jerk-and-other-practical-advice-from-dogen-japans-greatest-zen-master_890/index.html"
"You Are What You Love: The Spiritual Power of Habit","£21.87","https://books.toscrape.com/catalogue/you-are-what-you-love-the-spiritual-power-of-habit_872/index.html"
"God: The Most Unpleasant Character in All Fiction","£30.03","https://books.toscrape.com/catalogue/god-the-most-unpleasant-character-in-all-fiction_697/index.html"
"The Book of Mormon","£24.57","https://books.toscrape.com/catalogue/the-book-of-mormon_571/index.html"
"A History of God: The 4,000-Year Quest of Judaism, Christianity, and Islam","£27.62","https://books.toscrape.com/catalogue/a-history-of-god-the-4000-year-quest-of-judaism-christianity-and-islam_310/index.html"
"The Bhagavad Gita","£57.49","https://books.toscrape.com/catalogue/the-bhagavad-gita_60/index.html"
"Choosing Our Religion: The Spiritual Lives of America's Nones","£28.42","https://books.toscrape.com/catalogue/choosing-our-religion-the-spiritual-lives-of-americas-nones_14/index.html"
"Worlds Elsewhere: Journeys Around Shakespeare’s Globe","£40.30","https://books.toscrape.com/catalogue/worlds-elsewhere-journeys-around-shakespeares-globe_972/index.html"
"The Five Love Languages: How to Express Heartfelt Commitment to Your Mate","£31.05","https://books.toscrape.com/catalogue/the-five-love-languages-how-to-express-heartfelt-commitment-to-your-mate_969/index.html"
"Reasons to Stay Alive","£26.41","https://books.toscrape.com/catalogue/reasons-to-stay-alive_959/index.html"
"#HigherSelfie: Wake Up Your Life. Free Your Soul. Find Your Tribe.","£23.11","https://books.toscrape.com/catalogue/higherselfie-wake-up-your-life-free-your-soul-find-your-tribe_957/index.html"
"Unseen City: The Majesty of Pigeons, the Discreet Charm of Snails & Other Wonders of the Urban Wilderness","£44.18","https://books.toscrape.com/catalogue/unseen-city-the-majesty-of-pigeons-the-discreet-charm-of-snails-other-wonders-of-the-urban-wilderness_952/index.html"
"Throwing Rocks at the Google Bus: How Growth Became the Enemy of Prosperity","£31.12","https://books.toscrape.com/catalogue/throwing-rocks-at-the-google-bus-how-growth-became-the-enemy-of-prosperity_948/index.html"
"The Life-Changing Magic of Tidying Up: The Japanese Art of Decluttering and Organizing","£16.77","https://books.toscrape.com/catalogue/the-life-changing-magic-of-tidying-up-the-japanese-art-of-decluttering-and-organizing_936/index.html"
"The Gutsy Girl: Escapades for Your Life of Epic Adventure","£37.13","https://books.toscrape.com/catalogue/the-gutsy-girl-escapades-for-your-life-of-epic-adventure_934/index.html"
"The Electric Pencil: Drawings from Inside State Hospital No. 3","£56.06","https://books.toscrape.com/catalogue/the-electric-pencil-drawings-from-inside-state-hospital-no-3_933/index.html"
"Spark Joy: An Illustrated Master Class on the Art of Organizing and Tidying Up","£41.83","https://books.toscrape.com/catalogue/spark-joy-an-illustrated-master-class-on-the-art-of-organizing-and-tidying-up_927/index.html"
"Reskilling America: Learning to Labor in the Twenty-First Century","£19.83","https://books.toscrape.com/catalogue/reskilling-america-learning-to-labor-in-the-twenty-first-century_922/index.html"
"In the Country We Love: My Family Divided","£22.00","https://books.toscrape.com/catalogue/in-the-country-we-love-my-family-divided_901/index.html"
"Everydata: The Misinformation Hidden in the Little Data You Consume Every Day","£54.35","https://books.toscrape.com/catalogue/everydata-the-misinformation-hidden-in-the-little-data-you-consume-every-day_891/index.html"
"Call the Nurse: True Stories of a Country Nurse on a Scottish Isle","£29.14","https://books.toscrape.com/catalogue/call-the-nurse-true-stories-of-a-country-nurse-on-a-scottish-isle_885/index.html"
"Algorithms to Live By: The Computer Science of Human Decisions","£30.81","https://books.toscrape.com/catalogue/algorithms-to-live-by-the-computer-science-of-human-decisions_880/index.html"
"The Power of Now: A Guide to Spiritual Enlightenment","£43.54","https://books.toscrape.com/catalogue/the-power-of-now-a-guide-to-spiritual-enlightenment_855/index.html"
"The Omnivore's Dilemma: A Natural History of Four Meals","£38.21","https://books.toscrape.com/catalogue/the-omnivores-dilemma-a-natural-history-of-four-meals_854/index.html"
"The Genius of Birds","£17.24","https://books.toscrape.com/catalogue/the-genius-of-birds_843/index.html"
"The Artist's Way: A Spiritual Path to Higher Creativity","£38.49","https://books.toscrape.com/catalogue/the-artists-way-a-spiritual-path-to-higher-creativity_839/index.html"
"So You've Been Publicly Shamed","£12.23","https://books.toscrape.com/catalogue/so-youve-been-publicly-shamed_832/index.html"
"Rip it Up and Start Again","£35.02","https://books.toscrape.com/catalogue/rip-it-up-and-start-again_986/index.html"
"Our Band Could Be Your Life: Scenes from the American Indie Underground, 1981-1991","£57.25","https://books.toscrape.com/catalogue/our-band-could-be-your-life-scenes-from-the-american-indie-underground-1981-1991_985/index.html"
"How Music Works","£37.32","https://books.toscrape.com/catalogue/how-music-works_979/index.html"
"Love Is a Mix Tape (Music #1)","£18.03","https://books.toscrape.com/catalogue/love-is-a-mix-tape-music-1_711/index.html"
"Please Kill Me: The Uncensored Oral History of Punk","£31.19","https://books.toscrape.com/catalogue/please-kill-me-the-uncensored-oral-history-of-punk_537/index.html"
"Kill 'Em and Leave: Searching for James Brown and the American Soul","£45.05","https://books.toscrape.com/catalogue/kill-em-and-leave-searching-for-james-brown-and-the-american-soul_528/index.html"
"Chronicles, Vol. 1","£52.60","https://books.toscrape.com/catalogue/chronicles-vol-1_462/index.html"
"This Is Your Brain on Music: The Science of a Human Obsession","£38.40","https://books.toscrape.com/catalogue/this-is-your-brain-on-music-the-science-of-a-human-obsession_414/index.html"
"Orchestra of Exiles: The Story of Bronislaw Huberman, the Israel Philharmonic, and the One Thousand Jews He Saved from Nazi Horrors","£12.36","https://books.toscrape.com/catalogue/orchestra-of-exiles-the-story-of-bronislaw-huberman-the-israel-philharmonic-and-the-one-thousand-jews-he-saved-from-nazi-horrors_337/index.html"
"No One Here Gets Out Alive","£20.02","https://books.toscrape.com/catalogue/no-one-here-gets-out-alive_336/index.html"
"Life","£31.58","https://books.toscrape.com/catalogue/life_104/index.html"
"Old Records Never Die: One Man's Quest for His Vinyl and His Past","£55.66","https://books.toscrape.com/catalogue/old-records-never-die-one-mans-quest-for-his-vinyl-and-his-past_39/index.html"
"Forever Rockers (The Rocker #12)","£28.80","https://books.toscrape.com/catalogue/forever-rockers-the-rocker-12_19/index.html"
"The Coming Woman: A Novel Based on the Life of the Infamous Feminist, Victoria Woodhull","£17.93","https://books.toscrape.com/catalogue/the-coming-woman-a-novel-based-on-the-life-of-the-infamous-feminist-victoria-woodhull_993/index.html"
"The Boys in the Boat: Nine Americans and Their Epic Quest for Gold at the 1936 Berlin Olympics","£22.60","https://books.toscrape.com/catalogue/the-boys-in-the-boat-nine-americans-and-their-epic-quest-for-gold-at-the-1936-berlin-olympics_992/index.html"
"Starving Hearts (Triangular Trade Trilogy, #1)","£13.99","https://books.toscrape.com/catalogue/starving-hearts-triangular-trade-trilogy-1_990/index.html"
"America's Cradle of Quarterbacks: Western Pennsylvania's Football Factory from Johnny Unitas to Joe Montana","£22.50","https://books.toscrape.com/catalogue/americas-cradle-of-quarterbacks-western-pennsylvanias-football-factory-from-johnny-unitas-to-joe-montana_974/index.html"
"Aladdin and His Wonderful Lamp","£53.13","https://books.toscrape.com/catalogue/aladdin-and-his-wonderful-lamp_973/index.html"
"Penny Maybe","£33.29","https://books.toscrape.com/catalogue/penny-maybe_965/index.html"
"Maude (1883-1993):She Grew Up with the country","£18.02","https://books.toscrape.com/catalogue/maude-1883-1993she-grew-up-with-the-country_964/index.html"
"The Inefficiency Assassin: Time Management Tactics for Working Smarter, Not Longer","£20.59","https://books.toscrape.com/catalogue/the-inefficiency-assassin-time-management-tactics-for-working-smarter-not-longer_935/index.html"
"Soul Reader","£39.58","https://books.toscrape.com/catalogue/soul-reader_926/index.html"
"Bossypants","£49.46","https://books.toscrape.com/catalogue/bossypants_883/index.html"
"A World of Flavor: Your Gluten Free Passport","£42.95","https://books.toscrape.com/catalogue/a-world-of-flavor-your-gluten-free-passport_879/index.html"
"A Piece of Sky, a Grain of Rice: A Memoir in Four Meditations","£56.76","https://books.toscrape.com/catalogue/a-piece-of-sky-a-grain-of-rice-a-memoir-in-four-meditations_878/index.html"
"Tracing Numbers on a Train","£41.60","https://books.toscrape.com/catalogue/tracing-numbers-on-a-train_869/index.html"
"Thirteen Reasons Why","£52.72","https://books.toscrape.com/catalogue/thirteen-reasons-why_866/index.html"
"The Secret (The Secret #1)","£27.37","https://books.toscrape.com/catalogue/the-secret-the-secret-1_859/index.html"
"The Psychopath Test: A Journey Through the Madness Industry","£36.00","https://books.toscrape.com/catalogue/the-psychopath-test-a-journey-through-the-madness-industry_857/index.html"
"The Kite Runner","£41.82","https://books.toscrape.com/catalogue/the-kite-runner_847/index.html"
"The Girl on the Train","£55.02","https://books.toscrape.com/catalogue/the-girl-on-the-train_844/index.html"
"The Emerald Mystery","£23.15","https://books.toscrape.com/catalogue/the-emerald-mystery_842/index.html"
"The Bridge to Consciousness: I'm Writing the Bridge Between Science and Our Old and New Beliefs.","£32.00","https://books.toscrape.com/catalogue/the-bridge-to-consciousness-im-writing-the-bridge-between-science-and-our-old-and-new-beliefs_840/index.html"
"Mesaerion: The Best Science Fiction Stories 1800-1849","£37.59","https://books.toscrape.com/catalogue/mesaerion-the-best-science-fiction-stories-1800-1849_983/index.html"
"Join","£35.67","https://books.toscrape.com/catalogue/join_902/index.html"
"William Shakespeare's Star Wars: Verily, A New Hope (William Shakespeare's Star Wars #4)","£43.30","https://books.toscrape.com/catalogue/william-shakespeares-star-wars-verily-a-new-hope-william-shakespeares-star-wars-4_871/index.html"
"The Project","£10.65","https://books.toscrape.com/catalogue/the-project_856/index.html"
"Soft Apocalypse","£26.12","https://books.toscrape.com/catalogue/soft-apocalypse_833/index.html"
"Sleeping Giants (Themis Files #1)","£48.74","https://books.toscrape.com/catalogue/sleeping-giants-themis-files-1_604/index.html"
"Arena","£21.36","https://books.toscrape.com/catalogue/arena_587/index.html"
"Foundation (Foundation (Publication Order) #1)","£32.42","https://books.toscrape.com/catalogue/foundation-foundation-publication-order-1_375/index.html"
"The Restaurant at the End of the Universe (Hitchhiker's Guide to the Galaxy #2)","£10.92","https://books.toscrape.com/catalogue/the-restaurant-at-the-end-of-the-universe-hitchhikers-guide-to-the-galaxy-2_275/index.html"
"Ready Player One","£19.07","https://books.toscrape.com/catalogue/ready-player-one_209/index.html"
"Life, the Universe and Everything (Hitchhiker's Guide to the Galaxy #3)","£33.26","https://books.toscrape.com/catalogue/life-the-universe-and-everything-hitchhikers-guide-to-the-galaxy-3_189/index.html"
"Dune (Dune #1)","£54.86","https://books.toscrape.com/catalogue/dune-dune-1_151/index.html"
"Do Androids Dream of Electric Sheep? (Blade Runner #1)","£51.48","https://books.toscrape.com/catalogue/do-androids-dream-of-electric-sheep-blade-runner-1_149/index.html"
"Three Wishes (River of Time: California #1)","£44.18","https://books.toscrape.com/catalogue/three-wishes-river-of-time-california-1_89/index.html"
"The Last Girl (The Dominion Trilogy #1)","£36.26","https://books.toscrape.com/catalogue/the-last-girl-the-dominion-trilogy-1_70/index.html"
"Having the Barbarian's Baby (Ice Planet Barbarians #7.5)","£34.96","https://books.toscrape.com/catalogue/having-the-barbarians-baby-ice-planet-barbarians-75_23/index.html"
"The Book of Basketball: The NBA According to The Sports Guy","£44.84","https://books.toscrape.com/catalogue/the-book-of-basketball-the-nba-according-to-the-sports-guy_232/index.html"
"Friday Night Lights: A Town, a Team, and a Dream","£51.22","https://books.toscrape.com/catalogue/friday-night-lights-a-town-a-team-and-a-dream_158/index.html"
"Sugar Rush (Offensive Line #2)","£24.42","https://books.toscrape.com/catalogue/sugar-rush-offensive-line-2_108/index.html"
"Settling the Score (The Summer Games #1)","£44.91","https://books.toscrape.com/catalogue/settling-the-score-the-summer-games-1_50/index.html"
"Icing (Aces Hockey #2)","£40.44","https://books.toscrape.com/catalogue/icing-aces-hockey-2_25/index.html"
"The Torch Is Passed: A Harding Family Story","£19.09","https://books.toscrape.com/catalogue/the-torch-is-passed-a-harding-family-story_945/index.html"
"The Mindfulness and Acceptance Workbook for Anxiety: A Guide to Breaking Free from Anxiety, Phobias, and Worry Using Acceptance and Commitment Therapy","£23.89","https://books.toscrape.com/catalogue/the-mindfulness-and-acceptance-workbook-for-anxiety-a-guide-to-breaking-free-from-anxiety-phobias-and-worry-using-acceptance-and-commitment-therapy_937/index.html"
"The Art Forger","£40.76","https://books.toscrape.com/catalogue/the-art-forger_930/index.html"
"On a Midnight Clear","£14.07","https://books.toscrape.com/catalogue/on-a-midnight-clear_912/index.html"
"Judo: Seven Steps to Black Belt (an Introductory Guide for Beginners)","£53.90","https://books.toscrape.com/catalogue/judo-seven-steps-to-black-belt-an-introductory-guide-for-beginners_903/index.html"
"Shobu Samurai, Project Aryoku (#3)","£29.06","https://books.toscrape.com/catalogue/shobu-samurai-project-aryoku-3_830/index.html"
"Modern Romance","£28.26","https://books.toscrape.com/catalogue/modern-romance_820/index.html"
"The White Queen (The Cousins' War #1)","£25.91","https://books.toscrape.com/catalogue/the-white-queen-the-cousins-war-1_768/index.html"
"The Song of Achilles","£37.40","https://books.toscrape.com/catalogue/the-song-of-achilles_762/index.html"
"The Immortal Life of Henrietta Lacks","£40.67","https://books.toscrape.com/catalogue/the-immortal-life-of-henrietta-lacks_753/index.html"
"The Dovekeepers","£48.78","https://books.toscrape.com/catalogue/the-dovekeepers_748/index.html"
"More Than Music (Chasing the Dream #1)","£37.61","https://books.toscrape.com/catalogue/more-than-music-chasing-the-dream-1_716/index.html"
"Code Name Verity (Code Name Verity #1)","£22.13","https://books.toscrape.com/catalogue/code-name-verity-code-name-verity-1_680/index.html"
"Cell","£20.29","https://books.toscrape.com/catalogue/cell_674/index.html"
"Angels Walking (Angels Walking #1)","£34.20","https://books.toscrape.com/catalogue/angels-walking-angels-walking-1_662/index.html"
"A Series of Catastrophes and Miracles: A True Story of Love, Science, and Cancer","£56.48","https://books.toscrape.com/catalogue/a-series-of-catastrophes-and-miracles-a-true-story-of-love-science-and-cancer_655/index.html"
"A People's History of the United States","£40.79","https://books.toscrape.com/catalogue/a-peoples-history-of-the-united-states_654/index.html"
"A Brush of Wings (Angels Walking #3)","£55.51","https://books.toscrape.com/catalogue/a-brush-of-wings-angels-walking-3_651/index.html"
"Rook","£37.86","https://books.toscrape.com/catalogue/rook_647/index.html"
"The Midnight Watch: A Novel of the Titanic and the Californian","£26.20","https://books.toscrape.com/catalogue/the-midnight-watch-a-novel-of-the-titanic-and-the-californian_640/index.html"
"Unicorn Tracks","£18.78","https://books.toscrape.com/catalogue/unicorn-tracks_951/index.html"
"Saga, Volume 6 (Saga (Collected Editions) #6)","£25.02","https://books.toscrape.com/catalogue/saga-volume-6-saga-collected-editions-6_924/index.html"
"Princess Between Worlds (Wide-Awake Princess #5)","£13.34","https://books.toscrape.com/catalogue/princess-between-worlds-wide-awake-princess-5_919/index.html"
"Masks and Shadows","£56.40","https://books.toscrape.com/catalogue/masks-and-shadows_909/index.html"
"Crown of Midnight (Throne of Glass #2)","£43.29","https://books.toscrape.com/catalogue/crown-of-midnight-throne-of-glass-2_888/index.html"
"Avatar: The Last Airbender: Smoke and Shadow, Part 3 (Smoke and Shadow #3)","£28.09","https://books.toscrape.com/catalogue/avatar-the-last-airbender-smoke-and-shadow-part-3-smoke-and-shadow-3_881/index.html"
"A Court of Thorns and Roses (A Court of Thorns and Roses #1)","£52.37","https://books.toscrape.com/catalogue/a-court-of-thorns-and-roses-a-court-of-thorns-and-roses-1_874/index.html"
"Throne of Glass (Throne of Glass #1)","£35.07","https://books.toscrape.com/catalogue/throne-of-glass-throne-of-glass-1_868/index.html"
"The Glittering Court (The Glittering Court #1)","£44.28","https://books.toscrape.com/catalogue/the-glittering-court-the-glittering-court-1_845/index.html"
"Hollow City (Miss Peregrine’s Peculiar Children #2)","£42.98","https://books.toscrape.com/catalogue/hollow-city-miss-peregrines-peculiar-children-2_813/index.html"
"The Star-Touched Queen","£46.02","https://books.toscrape.com/catalogue/the-star-touched-queen_764/index.html"
"The Hidden Oracle (The Trials of Apollo #1)","£52.26","https://books.toscrape.com/catalogue/the-hidden-oracle-the-trials-of-apollo-1_752/index.html"
"The Bane Chronicles (The Bane Chronicles #1-11)","£44.73","https://books.toscrape.com/catalogue/the-bane-chronicles-the-bane-chronicles-1-11_746/index.html"
"Island of Dragons (Unwanteds #7)","£29.65","https://books.toscrape.com/catalogue/island-of-dragons-unwanteds-7_705/index.html"
"Demigods & Magicians: Percy and Annabeth Meet the Kanes (Percy Jackson & Kane Chronicles Crossover #1-3)","£37.51","https://books.toscrape.com/catalogue/demigods-magicians-percy-and-annabeth-meet-the-kanes-percy-jackson-kane-chronicles-crossover-1-3_685/index.html"
"City of Glass (The Mortal Instruments #3)","£56.02","https://books.toscrape.com/catalogue/city-of-glass-the-mortal-instruments-3_678/index.html"
"Searching for Meaning in Gailana","£38.73","https://books.toscrape.com/catalogue/searching-for-meaning-in-gailana_648/index.html"
"The Star-Touched Queen","£32.30","https://books.toscrape.com/catalogue/the-star-touched-queen_642/index.html"
"A Shard of Ice (The Black Symphony Saga #1)","£56.63","https://books.toscrape.com/catalogue/a-shard-of-ice-the-black-symphony-saga-1_558/index.html"
"King's Folly (The Kinsman Chronicles #1)","£39.61","https://books.toscrape.com/catalogue/kings-folly-the-kinsman-chronicles-1_473/index.html"
"Without Borders (Wanderlove #1)","£45.07","https://books.toscrape.com/catalogue/without-borders-wanderlove-1_956/index.html"
"The Mistake (Off-Campus #2)","£43.29","https://books.toscrape.com/catalogue/the-mistake-off-campus-2_851/index.html"
"The Matchmaker's Playbook (Wingmen Inc. #1)","£55.85","https://books.toscrape.com/catalogue/the-matchmakers-playbook-wingmen-inc-1_850/index.html"
"The Hook Up (Game On #1)","£36.29","https://books.toscrape.com/catalogue/the-hook-up-game-on-1_68/index.html"
"Shameless","£58.35","https://books.toscrape.com/catalogue/shameless_52/index.html"
"Off Sides (Off #1)","£39.45","https://books.toscrape.com/catalogue/off-sides-off-1_38/index.html"
"The Requiem Red","£22.65","https://books.toscrape.com/catalogue/the-requiem-red_995/index.html"
"Set Me Free","£17.46","https://books.toscrape.com/catalogue/set-me-free_988/index.html"
"The Natural History of Us (The Fine Art of Pretending #2)","£45.22","https://books.toscrape.com/catalogue/the-natural-history-of-us-the-fine-art-of-pretending-2_941/index.html"
"Obsidian (Lux #1)","£14.86","https://books.toscrape.com/catalogue/obsidian-lux-1_911/index.html"
"Burning","£28.81","https://books.toscrape.com/catalogue/burning_884/index.html"
"A Fierce and Subtle Poison","£28.13","https://books.toscrape.com/catalogue/a-fierce-and-subtle-poison_875/index.html"
"Scarlett Epstein Hates It Here","£43.55","https://books.toscrape.com/catalogue/scarlett-epstein-hates-it-here_828/index.html"
"Nightingale, Sing","£38.28","https://books.toscrape.com/catalogue/nightingale-sing_823/index.html"
"Library of Souls (Miss Peregrine’s Peculiar Children #3)","£48.56","https://books.toscrape.com/catalogue/library-of-souls-miss-peregrines-peculiar-children-3_816/index.html"
"Frostbite (Vampire Academy #2)","£29.99","https://books.toscrape.com/catalogue/frostbite-vampire-academy-2_810/index.html"
"Wild Swans","£14.36","https://books.toscrape.com/catalogue/wild-swans_782/index.html"
"Until Friday Night (The Field Party #1)","£46.31","https://books.toscrape.com/catalogue/until-friday-night-the-field-party-1_775/index.html"
"This Is Where It Ends","£27.12","https://books.toscrape.com/catalogue/this-is-where-it-ends_771/index.html"
"The Darkest Lie","£35.35","https://books.toscrape.com/catalogue/the-darkest-lie_747/index.html"
"My Kind of Crazy","£40.36","https://books.toscrape.com/catalogue/my-kind-of-crazy_718/index.html"
"Don't Get Caught","£55.35","https://books.toscrape.com/catalogue/dont-get-caught_687/index.html"
"Catching Jordan (Hundred Oaks)","£50.83","https://books.toscrape.com/catalogue/catching-jordan-hundred-oaks_673/index.html"
"Aristotle and Dante Discover the Secrets of the Universe (Aristotle and Dante Discover the Secrets of the Universe #1)","£58.14","https://books.toscrape.com/catalogue/aristotle-and-dante-discover-the-secrets-of-the-universe-aristotle-and-dante-discover-the-secrets-of-the-universe-1_663/index.html"
"The Epidemic (The Program 0.6)","£14.44","https://books.toscrape.com/catalogue/the-epidemic-the-program-06_636/index.html"
"Stars Above (The Lunar Chronicles #4.5)","£48.05","https://books.toscrape.com/catalogue/stars-above-the-lunar-chronicles-45_632/index.html"
"The Most Perfect Thing: Inside (and Outside) a Bird's Egg","£42.96","https://books.toscrape.com/catalogue/the-most-perfect-thing-inside-and-outside-a-birds-egg_938/index.html"
"Immunity: How Elie Metchnikoff Changed the Course of Modern Medicine","£57.36","https://books.toscrape.com/catalogue/immunity-how-elie-metchnikoff-changed-the-course-of-modern-medicine_900/index.html"
"Sorting the Beef from the Bull: The Science of Food Fraud Forensics","£44.74","https://books.toscrape.com/catalogue/sorting-the-beef-from-the-bull-the-science-of-food-fraud-forensics_736/index.html"
"Tipping Point for Planet Earth: How Close Are We to the Edge?","£37.55","https://books.toscrape.com/catalogue/tipping-point-for-planet-earth-how-close-are-we-to-the-edge_643/index.html"
"The Fabric of the Cosmos: Space, Time, and the Texture of Reality","£55.91","https://books.toscrape.com/catalogue/the-fabric-of-the-cosmos-space-time-and-the-texture-of-reality_572/index.html"
"Diary of a Citizen Scientist: Chasing Tiger Beetles and Other New Ways of Engaging the World","£28.41","https://books.toscrape.com/catalogue/diary-of-a-citizen-scientist-chasing-tiger-beetles-and-other-new-ways-of-engaging-the-world_517/index.html"
"The Origin of Species","£10.01","https://books.toscrape.com/catalogue/the-origin-of-species_499/index.html"
"The Grand Design","£13.76","https://books.toscrape.com/catalogue/the-grand-design_405/index.html"
"Peak: Secrets from the New Science of Expertise","£16.28","https://books.toscrape.com/catalogue/peak-secrets-from-the-new-science-of-expertise_389/index.html"
"The Elegant Universe: Superstrings, Hidden Dimensions, and the Quest for the Ultimate Theory","£13.03","https://books.toscrape.com/catalogue/the-elegant-universe-superstrings-hidden-dimensions-and-the-quest-for-the-ultimate-theory_245/index.html"
"The Disappearing Spoon: And Other True Tales of Madness, Love, and the History of the World from the Periodic Table of the Elements","£57.35","https://books.toscrape.com/catalogue/the-disappearing-spoon-and-other-true-tales-of-madness-love-and-the-history-of-the-world-from-the-periodic-table-of-the-elements_244/index.html"
"Surely You're Joking, Mr. Feynman!: Adventures of a Curious Character","£25.83","https://books.toscrape.com/catalogue/surely-youre-joking-mr-feynman-adventures-of-a-curious-character_227/index.html"
"Seven Brief Lessons on Physics","£30.60","https://books.toscrape.com/catalogue/seven-brief-lessons-on-physics_219/index.html"
"The Selfish Gene","£29.45","https://books.toscrape.com/catalogue/the-selfish-gene_81/index.html"
"A Light in the Attic","£51.77","https://books.toscrape.com/catalogue/a-light-in-the-attic_1000/index.html"
"The Black Maria","£52.15","https://books.toscrape.com/catalogue/the-black-maria_991/index.html"
"Shakespeare's Sonnets","£20.66","https://books.toscrape.com/catalogue/shakespeares-sonnets_989/index.html"
"Olio","£23.88","https://books.toscrape.com/catalogue/olio_984/index.html"
"You can't bury them all: Poems","£33.63","https://books.toscrape.com/catalogue/you-cant-bury-them-all-poems_961/index.html"
"Slow States of Collapse: Poems","£57.31","https://books.toscrape.com/catalogue/slow-states-of-collapse-poems_960/index.html"
"Untitled Collection: Sabbath Poems 2014","£14.27","https://books.toscrape.com/catalogue/untitled-collection-sabbath-poems-2014_953/index.html"
"Poems That Make Grown Women Cry","£14.19","https://books.toscrape.com/catalogue/poems-that-make-grown-women-cry_824/index.html"
"Night Sky with Exit Wounds","£41.05","https://books.toscrape.com/catalogue/night-sky-with-exit-wounds_822/index.html"
"salt.","£46.78","https://books.toscrape.com/catalogue/salt_731/index.html"
"Quarter Life Poetry: Poems for the Young, Broke and Hangry","£50.89","https://books.toscrape.com/catalogue/quarter-life-poetry-poems-for-the-young-broke-and-hangry_727/index.html"
"Out of Print: City Lights Spotlight No. 14","£53.64","https://books.toscrape.com/catalogue/out-of-print-city-lights-spotlight-no-14_536/index.html"
"Les Fleurs du Mal","£29.04","https://books.toscrape.com/catalogue/les-fleurs-du-mal_530/index.html"
"Howl and Other Poems","£40.45","https://books.toscrape.com/catalogue/howl-and-other-poems_522/index.html"
"Leave This Song Behind: Teen Poetry at Its Best","£51.17","https://books.toscrape.com/catalogue/leave-this-song-behind-teen-poetry-at-its-best_474/index.html"
"The Collected Poems of W.B. Yeats (The Collected Works of W.B. Yeats #1)","£15.42","https://books.toscrape.com/catalogue/the-collected-poems-of-wb-yeats-the-collected-works-of-wb-yeats-1_441/index.html"
"The Crossover","£38.77","https://books.toscrape.com/catalogue/the-crossover_398/index.html"
"Booked","£17.49","https://books.toscrape.com/catalogue/booked_365/index.html"
"Twenty Love Poems and a Song of Despair","£30.95","https://books.toscrape.com/catalogue/twenty-love-poems-and-a-song-of-despair_91/index.html"
"Vampire Knight, Vol. 1 (Vampire Knight #1)","£15.40","https://books.toscrape.com/catalogue/vampire-knight-vol-1-vampire-knight-1_93/index.html"
"Wall and Piece","£44.18","https://books.toscrape.com/catalogue/wall-and-piece_971/index.html"
"Feathers: Displays of Brilliant Plumage","£49.05","https://books.toscrape.com/catalogue/feathers-displays-of-brilliant-plumage_695/index.html"
"Art and Fear: Observations on the Perils (and Rewards) of Artmaking","£48.63","https://books.toscrape.com/catalogue/art-and-fear-observations-on-the-perils-and-rewards-of-artmaking_559/index.html"
"The New Drawing on the Right Side of the Brain","£43.02","https://books.toscrape.com/catalogue/the-new-drawing-on-the-right-side-of-the-brain_550/index.html"
"History of Beauty","£10.29","https://books.toscrape.com/catalogue/history-of-beauty_521/index.html"
"The Story of Art","£41.14","https://books.toscrape.com/catalogue/the-story-of-art_500/index.html"
"The Art Book","£32.34","https://books.toscrape.com/catalogue/the-art-book_490/index.html"
"Ways of Seeing","£39.51","https://books.toscrape.com/catalogue/ways-of-seeing_94/index.html"
"The Lucifer Effect: Understanding How Good People Turn Evil","£10.40","https://books.toscrape.com/catalogue/the-lucifer-effect-understanding-how-good-people-turn-evil_758/index.html"
"The Golden Condom: And Other Essays on Love Lost and Found","£39.43","https://books.toscrape.com/catalogue/the-golden-condom-and-other-essays-on-love-lost-and-found_637/index.html"
"It Didn't Start with You: How Inherited Family Trauma Shapes Who We Are and How to End the Cycle","£56.27","https://books.toscrape.com/catalogue/it-didnt-start-with-you-how-inherited-family-trauma-shapes-who-we-are-and-how-to-end-the-cycle_593/index.html"
"An Unquiet Mind: A Memoir of Moods and Madness","£21.30","https://books.toscrape.com/catalogue/an-unquiet-mind-a-memoir-of-moods-and-madness_422/index.html"
"Thinking, Fast and Slow","£21.14","https://books.toscrape.com/catalogue/thinking-fast-and-slow_289/index.html"
"Civilization and Its Discontents","£59.95","https://books.toscrape.com/catalogue/civilization-and-its-discontents_140/index.html"
"8 Keys to Mental Health Through Exercise","£31.04","https://books.toscrape.com/catalogue/8-keys-to-mental-health-through-exercise_114/index.html"
"The Argonauts","£10.93","https://books.toscrape.com/catalogue/the-argonauts_837/index.html"
"M Train","£27.18","https://books.toscrape.com/catalogue/m-train_598/index.html"
"Lab Girl","£40.85","https://books.toscrape.com/catalogue/lab-girl_595/index.html"
"Approval Junkie: Adventures in Caring Too Much","£58.81","https://books.toscrape.com/catalogue/approval-junkie-adventures-in-caring-too-much_363/index.html"
"Running with Scissors","£12.91","https://books.toscrape.com/catalogue/running-with-scissors_215/index.html"
"Me Talk Pretty One Day","£57.60","https://books.toscrape.com/catalogue/me-talk-pretty-one-day_193/index.html"
"Lust & Wonder","£11.87","https://books.toscrape.com/catalogue/lust-wonder_191/index.html"
"Life Without a Recipe","£59.04","https://books.toscrape.com/catalogue/life-without-a-recipe_188/index.html"
"A Heartbreaking Work of Staggering Genius","£54.29","https://books.toscrape.com/catalogue/a-heartbreaking-work-of-staggering-genius_115/index.html"
"Catastrophic Happiness: Finding Joy in Childhood's Messy Years","£37.35","https://books.toscrape.com/catalogue/catastrophic-happiness-finding-joy-in-childhoods-messy-years_138/index.html"
"Fifty Shades Freed (Fifty Shades #3)","£15.36","https://books.toscrape.com/catalogue/fifty-shades-freed-fifty-shades-3_156/index.html"
"The Long Haul (Diary of a Wimpy Kid #9)","£44.07","https://books.toscrape.com/catalogue/the-long-haul-diary-of-a-wimpy-kid-9_757/index.html"
"Old School (Diary of a Wimpy Kid #10)","£11.83","https://books.toscrape.com/catalogue/old-school-diary-of-a-wimpy-kid-10_723/index.html"
"I Know What I'm Doing -- and Other Lies I Tell Myself: Dispatches from a Life Under Construction","£25.98","https://books.toscrape.com/catalogue/i-know-what-im-doing-and-other-lies-i-tell-myself-dispatches-from-a-life-under-construction_704/index.html"
"Hyperbole and a Half: Unfortunate Situations, Flawed Coping Mechanisms, Mayhem, and Other Things That Happened","£14.75","https://books.toscrape.com/catalogue/hyperbole-and-a-half-unfortunate-situations-flawed-coping-mechanisms-mayhem-and-other-things-that-happened_702/index.html"
"Dress Your Family in Corduroy and Denim","£43.68","https://books.toscrape.com/catalogue/dress-your-family-in-corduroy-and-denim_562/index.html"
"Toddlers Are A**holes: It's Not Your Fault","£25.55","https://books.toscrape.com/catalogue/toddlers-are-aholes-its-not-your-fault_503/index.html"
"When You Are Engulfed in Flames","£30.89","https://books.toscrape.com/catalogue/when-you-are-engulfed-in-flames_303/index.html"
"Naked","£31.69","https://books.toscrape.com/catalogue/naked_197/index.html"
"Lamb: The Gospel According to Biff, Christ's Childhood Pal","£55.50","https://books.toscrape.com/catalogue/lamb-the-gospel-according-to-biff-christs-childhood-pal_182/index.html"
"Holidays on Ice","£51.07","https://books.toscrape.com/catalogue/holidays-on-ice_167/index.html"
"Security","£39.25","https://books.toscrape.com/catalogue/security_925/index.html"
"Follow You Home","£21.36","https://books.toscrape.com/catalogue/follow-you-home_809/index.html"
"The Loney","£23.40","https://books.toscrape.com/catalogue/the-loney_756/index.html"
"Pet Sematary","£10.56","https://books.toscrape.com/catalogue/pet-sematary_726/index.html"
"Doctor Sleep (The Shining #2)","£40.12","https://books.toscrape.com/catalogue/doctor-sleep-the-shining-2_686/index.html"
"Psycho: Sanitarium (Psycho #1.5)","£36.97","https://books.toscrape.com/catalogue/psycho-sanitarium-psycho-15_628/index.html"
"Can You Keep a Secret? (Fear Street Relaunch #4)","£48.64","https://books.toscrape.com/catalogue/can-you-keep-a-secret-fear-street-relaunch-4_614/index.html"
"Red Dragon (Hannibal Lecter #1)","£23.37","https://books.toscrape.com/catalogue/red-dragon-hannibal-lecter-1_390/index.html"
"Dracula the Un-Dead","£35.63","https://books.toscrape.com/catalogue/dracula-the-un-dead_370/index.html"
"Night Shift (Night Shift #1-20)","£12.75","https://books.toscrape.com/catalogue/night-shift-night-shift-1-20_335/index.html"
"Needful Things","£47.51","https://books.toscrape.com/catalogue/needful-things_334/index.html"
"Misery","£34.79","https://books.toscrape.com/catalogue/misery_332/index.html"
"It","£25.01","https://books.toscrape.com/catalogue/it_330/index.html"
"'Salem's Lot","£49.56","https://books.toscrape.com/catalogue/salems-lot_309/index.html"
"The Stand","£57.86","https://books.toscrape.com/catalogue/the-stand_282/index.html"
"The Girl with All the Gifts","£49.47","https://books.toscrape.com/catalogue/the-girl-with-all-the-gifts_250/index.html"
"House of Leaves","£54.89","https://books.toscrape.com/catalogue/house-of-leaves_169/index.html"
"Sapiens: A Brief History of Humankind","£54.23","https://books.toscrape.com/catalogue/sapiens-a-brief-history-of-humankind_996/index.html"
"Unbound: How Eight Technologies Made Us Human, Transformed Society, and Brought Our World to the Brink","£25.52","https://books.toscrape.com/catalogue/unbound-how-eight-technologies-made-us-human-transformed-society-and-brought-our-world-to-the-brink_950/index.html"
"The Age of Genius: The Seventeenth Century and the Birth of the Modern Mind","£19.73","https://books.toscrape.com/catalogue/the-age-of-genius-the-seventeenth-century-and-the-birth-of-the-modern-mind_929/index.html"
"Political Suicide: Missteps, Peccadilloes, Bad Calls, Backroom Hijinx, Sordid Pasts, Rotten Breaks, and Just Plain Dumb Mistakes in the Annals of American Politics","£36.28","https://books.toscrape.com/catalogue/political-suicide-missteps-peccadilloes-bad-calls-backroom-hijinx-sordid-pasts-rotten-breaks-and-just-plain-dumb-mistakes-in-the-annals-of-american-politics_917/index.html"
"Thomas Jefferson and the Tripoli Pirates: The Forgotten War That Changed American History","£59.64","https://books.toscrape.com/catalogue/thomas-jefferson-and-the-tripoli-pirates-the-forgotten-war-that-changed-american-history_867/index.html"
"Zealot: The Life and Times of Jesus of Nazareth","£24.70","https://books.toscrape.com/catalogue/zealot-the-life-and-times-of-jesus-of-nazareth_785/index.html"
"A Distant Mirror: The Calamitous 14th Century","£14.58","https://books.toscrape.com/catalogue/a-distant-mirror-the-calamitous-14th-century_652/index.html"
"1491: New Revelations of the Americas Before Columbus","£21.80","https://books.toscrape.com/catalogue/1491-new-revelations-of-the-americas-before-columbus_650/index.html"
"Brilliant Beacons: A History of the American Lighthouse","£11.45","https://books.toscrape.com/catalogue/brilliant-beacons-a-history-of-the-american-lighthouse_515/index.html"
"""Most Blessed of the Patriarchs"": Thomas Jefferson and the Empire of the Imagination","£44.48","https://books.toscrape.com/catalogue/most-blessed-of-the-patriarchs-thomas-jefferson-and-the-empire-of-the-imagination_509/index.html"
"A Short History of Nearly Everything","£52.40","https://books.toscrape.com/catalogue/a-short-history-of-nearly-everything_457/index.html"
"The Rise and Fall of the Third Reich: A History of Nazi Germany","£39.67","https://books.toscrape.com/catalogue/the-rise-and-fall-of-the-third-reich-a-history-of-nazi-germany_454/index.html"
"Catherine the Great: Portrait of a Woman","£58.55","https://books.toscrape.com/catalogue/catherine-the-great-portrait-of-a-woman_424/index.html"
"The Mathews Men: Seven Brothers and the War Against Hitler's U-boats","£42.91","https://books.toscrape.com/catalogue/the-mathews-men-seven-brothers-and-the-war-against-hitlers-u-boats_408/index.html"
"The Hiding Place","£55.91","https://books.toscrape.com/catalogue/the-hiding-place_406/index.html"
"America's War for the Greater Middle East: A Military History","£51.22","https://books.toscrape.com/catalogue/americas-war-for-the-greater-middle-east-a-military-history_361/index.html"
"The Guns of August","£14.54","https://books.toscrape.com/catalogue/the-guns-of-august_254/index.html"
"House of Lost Worlds: Dinosaurs, Dynasties, and the Story of Life on Earth","£43.70","https://books.toscrape.com/catalogue/house-of-lost-worlds-dinosaurs-dynasties-and-the-story-of-life-on-earth_170/index.html"
"Foolproof Preserving: A Guide to Small Batch Jams, Jellies, Pickles, Condiments, and More: A Foolproof Guide to Making Small Batch Jams, Jellies, Pickles, Condiments, and More","£30.52","https://books.toscrape.com/catalogue/foolproof-preserving-a-guide-to-small-batch-jams-jellies-pickles-condiments-and-more-a-foolproof-guide-to-making-small-batch-jams-jellies-pickles-condiments-and-more_978/index.html"
"The Pioneer Woman Cooks: Dinnertime: Comfort Classics, Freezer Food, 16-Minute Meals, and Other Delicious Ways to Solve Supper!","£56.41","https://books.toscrape.com/catalogue/the-pioneer-woman-cooks-dinnertime-comfort-classics-freezer-food-16-minute-meals-and-other-delicious-ways-to-solve-supper_943/index.html"
"My Paris Kitchen: Recipes and Stories","£33.37","https://books.toscrape.com/catalogue/my-paris-kitchen-recipes-and-stories_910/index.html"
"Mama Tried: Traditional Italian Cooking for the Screwed, Crude, Vegan, and Tattooed","£14.02","https://books.toscrape.com/catalogue/mama-tried-traditional-italian-cooking-for-the-screwed-crude-vegan-and-tattooed_908/index.html"
"Layered: Baking, Building, and Styling Spectacular Cakes","£40.11","https://books.toscrape.com/catalogue/layered-baking-building-and-styling-spectacular-cakes_904/index.html"
"The Nerdy Nummies Cookbook: Sweet Treats for the Geek in All of Us","£37.34","https://books.toscrape.com/catalogue/the-nerdy-nummies-cookbook-sweet-treats-for-the-geek-in-all-of-us_853/index.html"
"The Love and Lemons Cookbook: An Apple-to-Zucchini Celebration of Impromptu Cooking","£37.60","https://books.toscrape.com/catalogue/the-love-and-lemons-cookbook-an-apple-to-zucchini-celebration-of-impromptu-cooking_849/index.html"
"The Cookies & Cups Cookbook: 125+ sweet & savory recipes reminding you to Always Eat Dessert First","£41.25","https://books.toscrape.com/catalogue/the-cookies-cups-cookbook-125-sweet-savory-recipes-reminding-you-to-always-eat-dessert-first_841/index.html"
"Deliciously Ella Every Day: Quick and Easy Recipes for Gluten-Free Snacks, Packed Lunches, and Simple Meals","£42.16","https://books.toscrape.com/catalogue/deliciously-ella-every-day-quick-and-easy-recipes-for-gluten-free-snacks-packed-lunches-and-simple-meals_801/index.html"
"The Help Yourself Cookbook for Kids: 60 Easy Plant-Based Recipes Kids Can Make to Stay Healthy and Save the Earth","£28.77","https://books.toscrape.com/catalogue/the-help-yourself-cookbook-for-kids-60-easy-plant-based-recipes-kids-can-make-to-stay-healthy-and-save-the-earth_751/index.html"
"It's All Easy: Healthy, Delicious Weeknight Meals in under 30 Minutes","£19.55","https://books.toscrape.com/catalogue/its-all-easy-healthy-delicious-weeknight-meals-in-under-30-minutes_706/index.html"
"Barefoot Contessa Back to Basics","£28.01","https://books.toscrape.com/catalogue/barefoot-contessa-back-to-basics_667/index.html"
"Barefoot Contessa at Home: Everyday Recipes You'll Make Over and Over Again","£50.62","https://books.toscrape.com/catalogue/barefoot-contessa-at-home-everyday-recipes-youll-make-over-and-over-again_666/index.html"
"My Kitchen Year: 136 Recipes That Saved My Life","£11.53","https://books.toscrape.com/catalogue/my-kitchen-year-136-recipes-that-saved-my-life_646/index.html"
"Everyday Italian: 125 Simple and Delicious Recipes","£20.10","https://books.toscrape.com/catalogue/everyday-italian-125-simple-and-delicious-recipes_618/index.html"
"A la Mode: 120 Recipes in 60 Pairings: Pies, Tarts, Cakes, Crisps, and More Topped with Ice Cream, Gelato, Frozen Custard, and More","£38.77","https://books.toscrape.com/catalogue/a-la-mode-120-recipes-in-60-pairings-pies-tarts-cakes-crisps-and-more-topped-with-ice-cream-gelato-frozen-custard-and-more_611/index.html"
"Cravings: Recipes for What You Want to Eat","£20.50","https://books.toscrape.com/catalogue/cravings-recipes-for-what-you-want-to-eat_589/index.html"
"The Moosewood Cookbook: Recipes from Moosewood Restaurant, Ithaca, New York","£12.34","https://books.toscrape.com/catalogue/the-moosewood-cookbook-recipes-from-moosewood-restaurant-ithaca-new-york_574/index.html"
"32 Yolks","£53.63","https://books.toscrape.com/catalogue/32-yolks_510/index.html"
"Naturally Lean: 125 Nourishing Gluten-Free, Plant-Based Recipes--All Under 300 Calories","£11.38","https://books.toscrape.com/catalogue/naturally-lean-125-nourishing-gluten-free-plant-based-recipes-all-under-300-calories_479/index.html"
"Redeeming Love","£20.47","https://books.toscrape.com/catalogue/redeeming-love_826/index.html"
"Close to You","£49.46","https://books.toscrape.com/catalogue/close-to-you_798/index.html"
"Shadows of the Past (Logan Point #1)","£39.67","https://books.toscrape.com/catalogue/shadows-of-the-past-logan-point-1_541/index.html"
"Like Never Before (Walker Family #2)","£28.77","https://books.toscrape.com/catalogue/like-never-before-walker-family-2_476/index.html"
"Counted With the Stars (Out from Egypt #1)","£17.97","https://books.toscrape.com/catalogue/counted-with-the-stars-out-from-egypt-1_463/index.html"
"If I Run (If I Run #1)","£49.97","https://books.toscrape.com/catalogue/if-i-run-if-i-run-1_174/index.html"
"The Dirty Little Secrets of Getting Your Dream Job","£33.34","https://books.toscrape.com/catalogue/the-dirty-little-secrets-of-getting-your-dream-job_994/index.html"
"The Third Wave: An Entrepreneur’s Vision of the Future","£12.61","https://books.toscrape.com/catalogue/the-third-wave-an-entrepreneurs-vision-of-the-future_862/index.html"
"The 10% Entrepreneur: Live Your Startup Dream Without Quitting Your Day Job","£27.55","https://books.toscrape.com/catalogue/the-10-entrepreneur-live-your-startup-dream-without-quitting-your-day-job_836/index.html"
"Shoe Dog: A Memoir by the Creator of NIKE","£23.99","https://books.toscrape.com/catalogue/shoe-dog-a-memoir-by-the-creator-of-nike_831/index.html"
"Made to Stick: Why Some Ideas Survive and Others Die","£38.85","https://books.toscrape.com/catalogue/made-to-stick-why-some-ideas-survive-and-others-die_715/index.html"
"Quench Your Own Thirst: Business Lessons Learned Over a Beer or Two","£43.14","https://books.toscrape.com/catalogue/quench-your-own-thirst-business-lessons-learned-over-a-beer-or-two_629/index.html"
"The Art of Startup Fundraising","£21.00","https://books.toscrape.com/catalogue/the-art-of-startup-fundraising_606/index.html"
"Born for This: How to Find the Work You Were Meant to Do","£21.59","https://books.toscrape.com/catalogue/born-for-this-how-to-find-the-work-you-were-meant-to-do_588/index.html"
"The E-Myth Revisited: Why Most Small Businesses Don't Work and What to Do About It","£36.91","https://books.toscrape.com/catalogue/the-e-myth-revisited-why-most-small-businesses-dont-work-and-what-to-do-about-it_545/index.html"
"Rich Dad, Poor Dad","£51.74","https://books.toscrape.com/catalogue/rich-dad-poor-dad_483/index.html"
"The Lean Startup: How Today's Entrepreneurs Use Continuous Innovation to Create Radically Successful Businesses","£33.92","https://books.toscrape.com/catalogue/the-lean-startup-how-todays-entrepreneurs-use-continuous-innovation-to-create-radically-successful-businesses_260/index.html"
"Rework","£44.88","https://books.toscrape.com/catalogue/rework_212/index.html"
"Louisa: The Extraordinary Life of Mrs. Adams","£16.85","https://books.toscrape.com/catalogue/louisa-the-extraordinary-life-of-mrs-adams_818/index.html"
"Setting the World on Fire: The Brief, Astonishing Life of St. Catherine of Siena","£21.15","https://books.toscrape.com/catalogue/setting-the-world-on-fire-the-brief-astonishing-life-of-st-catherine-of-siena_603/index.html"
"The Faith of Christopher Hitchens: The Restless Soul of the World's Most Notorious Atheist","£39.55","https://books.toscrape.com/catalogue/the-faith-of-christopher-hitchens-the-restless-soul-of-the-worlds-most-notorious-atheist_495/index.html"
"Benjamin Franklin: An American Life","£48.19","https://books.toscrape.com/catalogue/benjamin-franklin-an-american-life_460/index.html"
"The Rise of Theodore Roosevelt (Theodore Roosevelt #1)","£42.57","https://books.toscrape.com/catalogue/the-rise-of-theodore-roosevelt-theodore-roosevelt-1_276/index.html"
"In Her Wake","£12.84","https://books.toscrape.com/catalogue/in-her-wake_980/index.html"
"The Elephant Tree","£23.82","https://books.toscrape.com/catalogue/the-elephant-tree_968/index.html"
"Behind Closed Doors","£52.22","https://books.toscrape.com/catalogue/behind-closed-doors_962/index.html"
"You (You #1)","£43.61","https://books.toscrape.com/catalogue/you-you-1_784/index.html"
"The Guilty (Will Robie #4)","£13.82","https://books.toscrape.com/catalogue/the-guilty-will-robie-4_750/index.html"
"The 14th Colony (Cotton Malone #11)","£39.24","https://books.toscrape.com/catalogue/the-14th-colony-cotton-malone-11_744/index.html"
"Give It Back","£18.32","https://books.toscrape.com/catalogue/give-it-back_430/index.html"
"Killing Floor (Jack Reacher #1)","£31.49","https://books.toscrape.com/catalogue/killing-floor-jack-reacher-1_382/index.html"
"The Bone Hunters (Lexy Vaughan & Steven Macaulay #2)","£59.71","https://books.toscrape.com/catalogue/the-bone-hunters-lexy-vaughan-steven-macaulay-2_343/index.html"
"Far From True (Promise Falls Trilogy #2)","£34.93","https://books.toscrape.com/catalogue/far-from-true-promise-falls-trilogy-2_320/index.html"
"The Travelers","£15.77","https://books.toscrape.com/catalogue/the-travelers_285/index.html"
"When We Collided","£31.77","https://books.toscrape.com/catalogue/when-we-collided_955/index.html"
"Someone Like You (The Harrisons #2)","£52.79","https://books.toscrape.com/catalogue/someone-like-you-the-harrisons-2_735/index.html"
"We Are All Completely Beside Ourselves","£24.04","https://books.toscrape.com/catalogue/we-are-all-completely-beside-ourselves_301/index.html"
"The Four Agreements: A Practical Guide to Personal Freedom","£17.66","https://books.toscrape.com/catalogue/the-four-agreements-a-practical-guide-to-personal-freedom_970/index.html"
"The Activist's Tao Te Ching: Ancient Advice for a Modern Revolution","£32.24","https://books.toscrape.com/catalogue/the-activists-tao-te-ching-ancient-advice-for-a-modern-revolution_928/index.html"
"Chasing Heaven: What Dying Taught Me About Living","£37.80","https://books.toscrape.com/catalogue/chasing-heaven-what-dying-taught-me-about-living_797/index.html"
"If I Gave You God's Phone Number....: Searching for Spirituality in America","£20.91","https://books.toscrape.com/catalogue/if-i-gave-you-gods-phone-number-searching-for-spirituality-in-america_564/index.html"
"Unreasonable Hope: Finding Faith in the God Who Brings Purpose to Your Pain","£46.33","https://books.toscrape.com/catalogue/unreasonable-hope-finding-faith-in-the-god-who-brings-purpose-to-your-pain_505/index.html"
"A New Earth: Awakening to Your Life's Purpose","£55.65","https://books.toscrape.com/catalogue/a-new-earth-awakening-to-your-lifes-purpose_311/index.html"
"Logan Kade (Fallen Crest High #5.5)","£13.12","https://books.toscrape.com/catalogue/logan-kade-fallen-crest-high-55_384/index.html"
"Online Marketing for Busy Authors: A Step-By-Step Guide","£46.35","https://books.toscrape.com/catalogue/online-marketing-for-busy-authors-a-step-by-step-guide_913/index.html"
"How to Be Miserable: 40 Strategies You Already Use","£46.03","https://books.toscrape.com/catalogue/how-to-be-miserable-40-strategies-you-already-use_897/index.html"
"Overload: How to Unplug, Unwind, and Unleash Yourself from the Pressure of Stress","£52.15","https://books.toscrape.com/catalogue/overload-how-to-unplug-unwind-and-unleash-yourself-from-the-pressure-of-stress_725/index.html"
"You Are a Badass: How to Stop Doubting Your Greatness and Start Living an Awesome Life","£12.08","https://books.toscrape.com/catalogue/you-are-a-badass-how-to-stop-doubting-your-greatness-and-start-living-an-awesome-life_508/index.html"
"How to Stop Worrying and Start Living","£46.49","https://books.toscrape.com/catalogue/how-to-stop-worrying-and-start-living_431/index.html"
"All the Light We Cannot See","£29.87","https://books.toscrape.com/catalogue/all-the-light-we-cannot-see_660/index.html"
"The Girl You Left Behind (The Girl You Left Behind #1)","£15.79","https://books.toscrape.com/catalogue/the-girl-you-left-behind-the-girl-you-left-behind-1_443/index.html"
"(Un)Qualified: How God Uses Broken People to Do Big Things","£54.00","https://books.toscrape.com/catalogue/unqualified-how-god-uses-broken-people-to-do-big-things_873/index.html"
"Crazy Love: Overwhelmed by a Relentless God","£47.72","https://books.toscrape.com/catalogue/crazy-love-overwhelmed-by-a-relentless-god_682/index.html"
"Blue Like Jazz: Nonreligious Thoughts on Christian Spirituality","£25.77","https://books.toscrape.com/catalogue/blue-like-jazz-nonreligious-thoughts-on-christian-spirituality_461/index.html"
"Silence in the Dark (Logan Point #4)","£58.33","https://books.toscrape.com/catalogue/silence-in-the-dark-logan-point-4_542/index.html"
"The Grownup","£35.88","https://books.toscrape.com/catalogue/the-grownup_546/index.html"
"Suzie Snowflake: One beautiful flake (a self-esteem story)","£54.81","https://books.toscrape.com/catalogue/suzie-snowflake-one-beautiful-flake-a-self-esteem-story_568/index.html"
"The Bulletproof Diet: Lose up to a Pound a Day, Reclaim Energy and Focus, Upgrade Your Life","£49.05","https://books.toscrape.com/catalogue/the-bulletproof-diet-lose-up-to-a-pound-a-day-reclaim-energy-and-focus-upgrade-your-life_931/index.html"
"Eat Fat, Get Thin","£54.07","https://books.toscrape.com/catalogue/eat-fat-get-thin_688/index.html"
"10-Day Green Smoothie Cleanse: Lose Up to 15 Pounds in 10 Days!","£49.71","https://books.toscrape.com/catalogue/10-day-green-smoothie-cleanse-lose-up-to-15-pounds-in-10-days_581/index.html"
"The Art and Science of Low Carbohydrate Living","£52.98","https://books.toscrape.com/catalogue/the-art-and-science-of-low-carbohydrate-living_570/index.html"
"Libertarianism for Beginners","£51.33","https://books.toscrape.com/catalogue/libertarianism-for-beginners_982/index.html"
"Why the Right Went Wrong: Conservatism--From Goldwater to the Tea Party and Beyond","£52.65","https://books.toscrape.com/catalogue/why-the-right-went-wrong-conservatism-from-goldwater-to-the-tea-party-and-beyond_781/index.html"
"Equal Is Unfair: America's Misguided Fight Against Income Inequality","£56.86","https://books.toscrape.com/catalogue/equal-is-unfair-americas-misguided-fight-against-income-inequality_617/index.html"
